{
  "id": "2159353",
  "name": "sxfont",
  "font_family": "iconfont",
  "css_prefix_text": "icon-",
  "description": "",
  "glyphs": [
    {
      "icon_id": "16113996",
      "name": "小熊",
      "font_class": "xiaoxiong-copy-copy",
      "unicode": "e698",
      "unicode_decimal": 59032
    },
    {
      "icon_id": "131465",
      "name": "信封",
      "font_class": "45",
      "unicode": "e62e",
      "unicode_decimal": 58926
    },
    {
      "icon_id": "785183",
      "name": "我的收藏",
      "font_class": "wodeshoucang",
      "unicode": "e611",
      "unicode_decimal": 58897
    },
    {
      "icon_id": "1192398",
      "name": "优惠券",
      "font_class": "youhuiquan",
      "unicode": "e631",
      "unicode_decimal": 58929
    },
    {
      "icon_id": "2965293",
      "name": "信封",
      "font_class": "sms",
      "unicode": "e606",
      "unicode_decimal": 58886
    },
    {
      "icon_id": "3643150",
      "name": "银行卡",
      "font_class": "icon",
      "unicode": "e60a",
      "unicode_decimal": 58890
    },
    {
      "icon_id": "4499807",
      "name": "VIP",
      "font_class": "shenqingchengweiVIP",
      "unicode": "e607",
      "unicode_decimal": 58887
    },
    {
      "icon_id": "5346074",
      "name": "我的客服",
      "font_class": "wodekefu",
      "unicode": "e71b",
      "unicode_decimal": 59163
    },
    {
      "icon_id": "9301635",
      "name": "老师",
      "font_class": "laoshi",
      "unicode": "e608",
      "unicode_decimal": 58888
    },
    {
      "icon_id": "11687493",
      "name": "铃铛",
      "font_class": "tixing",
      "unicode": "e641",
      "unicode_decimal": 58945
    },
    {
      "icon_id": "13377461",
      "name": "订 单",
      "font_class": "dingdan",
      "unicode": "e609",
      "unicode_decimal": 58889
    },
    {
      "icon_id": "14035916",
      "name": "查看订单",
      "font_class": "dingdan2",
      "unicode": "e614",
      "unicode_decimal": 58900
    },
    {
      "icon_id": "1377623",
      "name": "头像",
      "font_class": "touxiang",
      "unicode": "e616",
      "unicode_decimal": 58902
    },
    {
      "icon_id": "3574742",
      "name": "练习",
      "font_class": "lianxi",
      "unicode": "e786",
      "unicode_decimal": 59270
    },
    {
      "icon_id": "4758519",
      "name": "记录",
      "font_class": "jilu1",
      "unicode": "e600",
      "unicode_decimal": 58880
    },
    {
      "icon_id": "4810259",
      "name": "课程",
      "font_class": "kecheng",
      "unicode": "e602",
      "unicode_decimal": 58882
    },
    {
      "icon_id": "7791028",
      "name": "学习",
      "font_class": "xuexi",
      "unicode": "e7f1",
      "unicode_decimal": 59377
    },
    {
      "icon_id": "12567314",
      "name": "点击",
      "font_class": "dianji",
      "unicode": "e62d",
      "unicode_decimal": 58925
    },
    {
      "icon_id": "12645898",
      "name": "我 的",
      "font_class": "user_choose",
      "unicode": "e601",
      "unicode_decimal": 58881
    },
    {
      "icon_id": "12780340",
      "name": "人头",
      "font_class": "touxiang1",
      "unicode": "e603",
      "unicode_decimal": 58883
    },
    {
      "icon_id": "14469283",
      "name": "笑脸",
      "font_class": "xiaolianed",
      "unicode": "e604",
      "unicode_decimal": 58884
    },
    {
      "icon_id": "16580374",
      "name": "闹钟",
      "font_class": "icon-test",
      "unicode": "e605",
      "unicode_decimal": 58885
    }
  ]
}
